problem_id,task_id,language,objective,correctness_before,correctness_after,runtime_before_mean,runtime_after_mean,memory_before_mean,memory_after_mean,runtime_improvement_ratio,memory_improvement_ratio,compile_error,test_error,timeout,compile_error_before,compile_error_after,test_error_before,test_error_after,timeout_before,timeout_after,runtime_before_std,runtime_after_std,runtime_before_cv,runtime_after_cv,memory_before_std,memory_after_std,memory_before_cv,memory_after_cv,baseline_code_path,raw_response_path,raw_response_json_path,cleaned_code_path,prompt_path,signature_valid,model_name,from_cache
0,CPP/0,cpp,runtime,1,1,0.03763147498248145,0.04512858120142482,0.0,35225.6,0.8338723261544355,0.0,0,0,0,0,0,0,0,0,0,0.0018112371415624404,0.012295920395559115,0.0481309101597964,0.27246414729233503,0.0,157533.6722964332,,4.47213595499958,generated_code/baseline/cpp/0.cpp,results/raw_responses/runtime/cpp/0.txt,results/raw_responses/runtime/cpp/0.json,generated_code/optimized/runtime/cpp/0.cpp,prompts/runtime/cpp/0.txt,1,gpt-5.4,0
0,CPP/0,cpp,memory,1,1,0.03763147498248145,0.04264422511332668,0.0,0.0,0.8824518415442211,,0,0,0,0,0,0,0,0,0,0.0018112371415624404,0.00783416393962914,0.0481309101597964,0.18370984391930942,0.0,0.0,,,generated_code/baseline/cpp/0.cpp,results/raw_responses/memory/cpp/0.txt,results/raw_responses/memory/cpp/0.json,generated_code/optimized/memory/cpp/0.cpp,prompts/memory/cpp/0.txt,1,gpt-5.4,0
0,CPP/0,cpp,balanced,1,1,0.03763147498248145,0.04166452893987298,0.0,0.0,0.9032017387449233,,0,0,0,0,0,0,0,0,0,0.0018112371415624404,0.005904105972461305,0.0481309101597964,0.14170581361862158,0.0,0.0,,,generated_code/baseline/cpp/0.cpp,results/raw_responses/balanced/cpp/0.txt,results/raw_responses/balanced/cpp/0.json,generated_code/optimized/balanced/cpp/0.cpp,prompts/balanced/cpp/0.txt,1,gpt-5.4,0
1,CPP/1,cpp,runtime,1,1,0.03904060210334137,0.039971968642203135,0.0,0.0,0.9766995079176959,,0,0,0,0,0,0,0,0,0,0.0015501975135834886,0.0027962297996716383,0.03970731571916028,0.06995476817019534,0.0,0.0,,,generated_code/baseline/cpp/1.cpp,results/raw_responses/runtime/cpp/1.txt,results/raw_responses/runtime/cpp/1.json,generated_code/optimized/runtime/cpp/1.cpp,prompts/runtime/cpp/1.txt,1,gpt-5.4,0
1,CPP/1,cpp,memory,1,1,0.03904060210334137,0.03943982298951596,0.0,0.0,0.9898777211479698,,0,0,0,0,0,0,0,0,0,0.0015501975135834886,0.001712123454843774,0.03970731571916028,0.043411032937417014,0.0,0.0,,,generated_code/baseline/cpp/1.cpp,results/raw_responses/memory/cpp/1.txt,results/raw_responses/memory/cpp/1.json,generated_code/optimized/memory/cpp/1.cpp,prompts/memory/cpp/1.txt,1,gpt-5.4,0
1,CPP/1,cpp,balanced,1,1,0.03904060210334137,0.04061479989322834,0.0,0.0,0.9612407842947558,,0,0,0,0,0,0,0,0,0,0.0015501975135834886,0.006924110031689205,0.03970731571916028,0.1704824362028595,0.0,0.0,,,generated_code/baseline/cpp/1.cpp,results/raw_responses/balanced/cpp/1.txt,results/raw_responses/balanced/cpp/1.json,generated_code/optimized/balanced/cpp/1.cpp,prompts/balanced/cpp/1.txt,1,gpt-5.4,0
2,CPP/2,cpp,runtime,1,0,0.037808966654120015,,0.0,,,,1,0,0,0,1,0,0,0,0,0.0015294622417458556,,0.040452368236813245,,0.0,,,,generated_code/baseline/cpp/2.cpp,results/raw_responses/runtime/cpp/2.txt,results/raw_responses/runtime/cpp/2.json,generated_code/optimized/runtime/cpp/2.cpp,prompts/runtime/cpp/2.txt,1,gpt-5.4,0
2,CPP/2,cpp,memory,1,0,0.037808966654120015,,0.0,,,,1,0,0,0,1,0,0,0,0,0.0015294622417458556,,0.040452368236813245,,0.0,,,,generated_code/baseline/cpp/2.cpp,results/raw_responses/memory/cpp/2.txt,results/raw_responses/memory/cpp/2.json,generated_code/optimized/memory/cpp/2.cpp,prompts/memory/cpp/2.txt,1,gpt-5.4,0
2,CPP/2,cpp,balanced,1,0,0.037808966654120015,,0.0,,,,1,0,0,0,1,0,0,0,0,0.0015294622417458556,,0.040452368236813245,,0.0,,,,generated_code/baseline/cpp/2.cpp,results/raw_responses/balanced/cpp/2.txt,results/raw_responses/balanced/cpp/2.json,generated_code/optimized/balanced/cpp/2.cpp,prompts/balanced/cpp/2.txt,1,gpt-5.4,0
3,CPP/3,cpp,runtime,1,1,0.03909724584664218,0.03905376869952306,18022.4,35225.6,1.0011132638044136,0.5116279069767442,0,0,0,0,0,0,0,0,0,0.004701847882900729,0.002138406062345398,0.12026033499504267,0.054755434201450404,80598.62303538441,157533.6722964332,4.472135954999579,4.47213595499958,generated_code/baseline/cpp/3.cpp,results/raw_responses/runtime/cpp/3.txt,results/raw_responses/runtime/cpp/3.json,generated_code/optimized/runtime/cpp/3.cpp,prompts/runtime/cpp/3.txt,1,gpt-5.4,0
3,CPP/3,cpp,memory,1,1,0.03909724584664218,0.04014595010667108,18022.4,0.0,0.9738777072844856,,0,0,0,0,0,0,0,0,0,0.004701847882900729,0.003133280323130177,0.12026033499504267,0.07804723302860674,80598.62303538441,0.0,4.472135954999579,,generated_code/baseline/cpp/3.cpp,results/raw_responses/memory/cpp/3.txt,results/raw_responses/memory/cpp/3.json,generated_code/optimized/memory/cpp/3.cpp,prompts/memory/cpp/3.txt,1,gpt-5.4,0
3,CPP/3,cpp,balanced,1,1,0.03909724584664218,0.04236011037719436,18022.4,35225.6,0.922973181573464,0.5116279069767442,0,0,0,0,0,0,0,0,0,0.004701847882900729,0.008639426792268092,0.12026033499504267,0.20395194241324135,80598.62303538441,157533.6722964332,4.472135954999579,4.47213595499958,generated_code/baseline/cpp/3.cpp,results/raw_responses/balanced/cpp/3.txt,results/raw_responses/balanced/cpp/3.json,generated_code/optimized/balanced/cpp/3.cpp,prompts/balanced/cpp/3.txt,1,gpt-5.4,0
4,CPP/4,cpp,runtime,1,1,0.040841300069587305,0.03956195208011195,0.0,0.0,1.032337837801449,,0,0,0,0,0,0,0,0,0,0.003332019721510883,0.001808024007614335,0.08158456552150967,0.045701081785679644,0.0,0.0,,,generated_code/baseline/cpp/4.cpp,results/raw_responses/runtime/cpp/4.txt,results/raw_responses/runtime/cpp/4.json,generated_code/optimized/runtime/cpp/4.cpp,prompts/runtime/cpp/4.txt,1,gpt-5.4,0
4,CPP/4,cpp,memory,1,1,0.040841300069587305,0.039946620806585995,0.0,18022.4,1.022396869746084,0.0,0,0,0,0,0,0,0,0,0,0.003332019721510883,0.006257906308889661,0.08158456552150967,0.1566567129467412,0.0,80598.62303538441,,4.472135954999579,generated_code/baseline/cpp/4.cpp,results/raw_responses/memory/cpp/4.txt,results/raw_responses/memory/cpp/4.json,generated_code/optimized/memory/cpp/4.cpp,prompts/memory/cpp/4.txt,1,gpt-5.4,0
4,CPP/4,cpp,balanced,1,1,0.040841300069587305,0.040966762509196994,0.0,0.0,0.996937457784673,,0,0,0,0,0,0,0,0,0,0.003332019721510883,0.008070999330449519,0.08158456552150967,0.19701335512264578,0.0,0.0,,,generated_code/baseline/cpp/4.cpp,results/raw_responses/balanced/cpp/4.txt,results/raw_responses/balanced/cpp/4.json,generated_code/optimized/balanced/cpp/4.cpp,prompts/balanced/cpp/4.txt,1,gpt-5.4,0
5,CPP/5,cpp,runtime,1,1,0.03843741666642018,0.03828538124798797,0.0,0.0,1.0039711089057053,,0,0,0,0,0,0,0,0,0,0.00202174253822619,0.002888155260427215,0.052598293890869924,0.07543754734266875,0.0,0.0,,,generated_code/baseline/cpp/5.cpp,results/raw_responses/runtime/cpp/5.txt,results/raw_responses/runtime/cpp/5.json,generated_code/optimized/runtime/cpp/5.cpp,prompts/runtime/cpp/5.txt,1,gpt-5.4,0
5,CPP/5,cpp,memory,1,1,0.03843741666642018,0.03868579174741171,0.0,0.0,0.993579682106205,,0,0,0,0,0,0,0,0,0,0.00202174253822619,0.0024883385325581153,0.052598293890869924,0.06432176828136388,0.0,0.0,,,generated_code/baseline/cpp/5.cpp,results/raw_responses/memory/cpp/5.txt,results/raw_responses/memory/cpp/5.json,generated_code/optimized/memory/cpp/5.cpp,prompts/memory/cpp/5.txt,1,gpt-5.4,0
5,CPP/5,cpp,balanced,1,1,0.03843741666642018,0.03938002720242366,0.0,43417.6,0.9760637408613708,0.0,0,0,0,0,0,0,0,0,0,0.00202174253822619,0.0018988680256430918,0.052598293890869924,0.04821906333082028,0.0,194169.41003978974,,4.47213595499958,generated_code/baseline/cpp/5.cpp,results/raw_responses/balanced/cpp/5.txt,results/raw_responses/balanced/cpp/5.json,generated_code/optimized/balanced/cpp/5.cpp,prompts/balanced/cpp/5.txt,1,gpt-5.4,0
6,CPP/6,cpp,runtime,1,1,0.039747824956430124,0.04029888769146055,0.0,0.0,0.9863256093009437,,0,0,0,0,0,0,0,0,0,0.0042326304216396115,0.003604727788555705,0.10648709523802223,0.08944980854445661,0.0,0.0,,,generated_code/baseline/cpp/6.cpp,results/raw_responses/runtime/cpp/6.txt,results/raw_responses/runtime/cpp/6.json,generated_code/optimized/runtime/cpp/6.cpp,prompts/runtime/cpp/6.txt,1,gpt-5.4,0
6,CPP/6,cpp,memory,1,1,0.039747824956430124,0.04063392920070328,0.0,34406.4,0.9781929963037437,0.0,0,0,0,0,0,0,0,0,0,0.0042326304216396115,0.006241181281765575,0.10648709523802223,0.1535953181130599,0.0,153870.09852209754,,4.47213595499958,generated_code/baseline/cpp/6.cpp,results/raw_responses/memory/cpp/6.txt,results/raw_responses/memory/cpp/6.json,generated_code/optimized/memory/cpp/6.cpp,prompts/memory/cpp/6.txt,1,gpt-5.4,0
6,CPP/6,cpp,balanced,1,1,0.039747824956430124,0.03808021679869853,0.0,0.0,1.0437919817144683,,0,0,0,0,0,0,0,0,0,0.0042326304216396115,0.001963647267793298,0.10648709523802223,0.05156607374830938,0.0,0.0,,,generated_code/baseline/cpp/6.cpp,results/raw_responses/balanced/cpp/6.txt,results/raw_responses/balanced/cpp/6.json,generated_code/optimized/balanced/cpp/6.cpp,prompts/balanced/cpp/6.txt,1,gpt-5.4,0
7,CPP/7,cpp,runtime,1,1,0.03760071446886286,0.03747840209980495,35225.6,0.0,1.0032635427927847,,0,0,0,0,0,0,0,0,0,0.001916578273935816,0.0037688490702751935,0.05097185787581068,0.10056055912519302,157533.6722964332,0.0,4.47213595499958,,generated_code/baseline/cpp/7.cpp,results/raw_responses/runtime/cpp/7.txt,results/raw_responses/runtime/cpp/7.json,generated_code/optimized/runtime/cpp/7.cpp,prompts/runtime/cpp/7.txt,1,gpt-5.4,0
7,CPP/7,cpp,memory,1,1,0.03760071446886286,0.03805524376221001,35225.6,0.0,0.9880560666964242,,0,0,0,0,0,0,0,0,0,0.001916578273935816,0.0016171858364404834,0.05097185787581068,0.04249574241451574,157533.6722964332,0.0,4.47213595499958,,generated_code/baseline/cpp/7.cpp,results/raw_responses/memory/cpp/7.txt,results/raw_responses/memory/cpp/7.json,generated_code/optimized/memory/cpp/7.cpp,prompts/memory/cpp/7.txt,1,gpt-5.4,0
7,CPP/7,cpp,balanced,1,1,0.03760071446886286,0.03989450424560346,35225.6,34406.4,0.9425036149686361,1.0238095238095237,0,0,0,0,0,0,0,0,0,0.001916578273935816,0.0028655425927354705,0.05097185787581068,0.07182800355392975,157533.6722964332,153870.09852209754,4.47213595499958,4.47213595499958,generated_code/baseline/cpp/7.cpp,results/raw_responses/balanced/cpp/7.txt,results/raw_responses/balanced/cpp/7.json,generated_code/optimized/balanced/cpp/7.cpp,prompts/balanced/cpp/7.txt,1,gpt-5.4,0
8,CPP/8,cpp,runtime,1,1,0.03894090413232334,0.037659633345901965,70451.2,35225.6,1.034022391419825,2.0,0,0,0,0,0,0,0,0,0,0.004624915616753326,0.003128921770160974,0.11876754584427747,0.08308423349271551,216844.21823526482,157533.6722964332,3.0779350562554626,4.47213595499958,generated_code/baseline/cpp/8.cpp,results/raw_responses/runtime/cpp/8.txt,results/raw_responses/runtime/cpp/8.json,generated_code/optimized/runtime/cpp/8.cpp,prompts/runtime/cpp/8.txt,1,gpt-5.4,0
8,CPP/8,cpp,memory,1,1,0.03894090413232334,0.04014316239627078,70451.2,0.0,0.9700507336198523,,0,0,0,0,0,0,0,0,0,0.004624915616753326,0.00521912873144643,0.11876754584427747,0.1300128943486345,216844.21823526482,0.0,3.0779350562554626,,generated_code/baseline/cpp/8.cpp,results/raw_responses/memory/cpp/8.txt,results/raw_responses/memory/cpp/8.json,generated_code/optimized/memory/cpp/8.cpp,prompts/memory/cpp/8.txt,1,gpt-5.4,0
8,CPP/8,cpp,balanced,1,0,0.03894090413232334,,70451.2,,,,1,0,0,0,1,0,0,0,0,0.004624915616753326,,0.11876754584427747,,216844.21823526482,,3.0779350562554626,,generated_code/baseline/cpp/8.cpp,results/raw_responses/balanced/cpp/8.txt,results/raw_responses/balanced/cpp/8.json,generated_code/optimized/balanced/cpp/8.cpp,prompts/balanced/cpp/8.txt,1,gpt-5.4,0
9,CPP/9,cpp,runtime,1,1,0.03819255832931958,0.03929006682010368,12288.0,35225.6,0.972066515035232,0.3488372093023256,0,0,0,0,0,0,0,0,0,0.0016743074133427516,0.005908957530919922,0.04383857710986129,0.15039316573257813,54953.606615034834,157533.6722964332,4.47213595499958,4.47213595499958,generated_code/baseline/cpp/9.cpp,results/raw_responses/runtime/cpp/9.txt,results/raw_responses/runtime/cpp/9.json,generated_code/optimized/runtime/cpp/9.cpp,prompts/runtime/cpp/9.txt,1,gpt-5.4,0
9,CPP/9,cpp,memory,1,1,0.03819255832931958,0.042763545794878156,12288.0,23756.8,0.8931101857763617,0.5172413793103449,0,0,0,0,0,0,0,0,0,0.0016743074133427516,0.007636064948543498,0.04383857710986129,0.178564822130771,54953.606615034834,106243.63945573401,4.47213595499958,4.47213595499958,generated_code/baseline/cpp/9.cpp,results/raw_responses/memory/cpp/9.txt,results/raw_responses/memory/cpp/9.json,generated_code/optimized/memory/cpp/9.cpp,prompts/memory/cpp/9.txt,1,gpt-5.4,0
9,CPP/9,cpp,balanced,1,1,0.03819255832931958,0.03960619357530959,12288.0,18022.4,0.9643077226469128,0.6818181818181818,0,0,0,0,0,0,0,0,0,0.0016743074133427516,0.003539785835693452,0.04383857710986129,0.08937455271895016,54953.606615034834,80598.62303538441,4.47213595499958,4.472135954999579,generated_code/baseline/cpp/9.cpp,results/raw_responses/balanced/cpp/9.txt,results/raw_responses/balanced/cpp/9.json,generated_code/optimized/balanced/cpp/9.cpp,prompts/balanced/cpp/9.txt,1,gpt-5.4,0
0,Java/0,java,runtime,1,1,0.04231530624674633,0.04401586259482428,35249356.8,34568601.6,0.9613649205575737,1.0196928764396416,0,0,0,0,0,0,0,0,0,0.006230503025924477,0.010489393743049937,0.14723993700042162,0.23830939858221384,1363254.4606823311,1646828.154628559,0.03867459109728581,0.04763942069986884,generated_code/baseline/java/0.java,results/raw_responses/runtime/java/0.txt,results/raw_responses/runtime/java/0.json,generated_code/optimized/runtime/java/0.java,prompts/runtime/java/0.txt,1,gpt-5.4,0
0,Java/0,java,memory,1,1,0.04231530624674633,0.04221271055284888,35249356.8,34306457.6,1.0024304455353323,1.0274845981183436,0,0,0,0,0,0,0,0,0,0.006230503025924477,0.008706058787269709,0.14723993700042162,0.20624259075640308,1363254.4606823311,1706694.007606963,0.03867459109728581,0.049748476730134994,generated_code/baseline/java/0.java,results/raw_responses/memory/java/0.txt,results/raw_responses/memory/java/0.json,generated_code/optimized/memory/java/0.java,prompts/memory/java/0.txt,1,gpt-5.4,0
0,Java/0,java,balanced,1,1,0.04231530624674633,0.043587402114644645,35249356.8,34558771.2,0.9708150565029681,1.0199829327264969,0,0,0,0,0,0,0,0,0,0.006230503025924477,0.006293786741343678,0.14723993700042162,0.14439462863121796,1363254.4606823311,1516300.3114351304,0.03867459109728581,0.04387599034294166,generated_code/baseline/java/0.java,results/raw_responses/balanced/java/0.txt,results/raw_responses/balanced/java/0.json,generated_code/optimized/balanced/java/0.java,prompts/balanced/java/0.txt,1,gpt-5.4,0
1,Java/1,java,runtime,1,1,0.043017733661690725,0.04297651883098297,35001958.4,34822553.6,1.000959008124177,1.00515197139362,0,0,0,0,0,0,0,0,0,0.00942848938324866,0.00673033839348987,0.2191768040919637,0.15660501540291769,1272415.381433793,1584885.0941348332,0.03635269109495865,0.04551317839409782,generated_code/baseline/java/1.java,results/raw_responses/runtime/java/1.txt,results/raw_responses/runtime/java/1.json,generated_code/optimized/runtime/java/1.java,prompts/runtime/java/1.txt,1,gpt-5.4,0
1,Java/1,java,memory,1,1,0.043017733661690725,0.04201186444261111,35001958.4,33796096.0,1.023942503681398,1.0356805235729003,0,0,0,0,0,0,0,0,0,0.00942848938324866,0.005842695329013162,0.2191768040919637,0.1390725074102431,1272415.381433793,1315313.2150528373,0.03635269109495865,0.03891908743107007,generated_code/baseline/java/1.java,results/raw_responses/memory/java/1.txt,results/raw_responses/memory/java/1.json,generated_code/optimized/memory/java/1.java,prompts/memory/java/1.txt,1,gpt-5.4,0
1,Java/1,java,balanced,1,1,0.043017733661690725,0.042398572753882036,35001958.4,34821734.4,1.0146033431691872,1.0051756181334839,0,0,0,0,0,0,0,0,0,0.00942848938324866,0.008300613018331812,0.2191768040919637,0.1957757650597284,1272415.381433793,1559832.8395441137,0.03635269109495865,0.044794806072155725,generated_code/baseline/java/1.java,results/raw_responses/balanced/java/1.txt,results/raw_responses/balanced/java/1.json,generated_code/optimized/balanced/java/1.java,prompts/balanced/java/1.txt,1,gpt-5.4,0
2,Java/2,java,runtime,1,1,0.04088180413818918,0.04404471463640221,35427942.4,35120742.4,0.9281886481880182,1.0087469677178578,0,0,0,0,0,0,0,0,0,0.0024000669744630326,0.01159138424102923,0.058707462282004394,0.2631731034408643,1093805.4990308594,1274480.3327708205,0.03087409047585161,0.03628853622327814,generated_code/baseline/java/2.java,results/raw_responses/runtime/java/2.txt,results/raw_responses/runtime/java/2.json,generated_code/optimized/runtime/java/2.java,prompts/runtime/java/2.txt,1,gpt-5.4,0
2,Java/2,java,memory,1,1,0.04088180413818918,0.0421571021550335,35427942.4,35255910.4,0.9697489165134172,1.0048795222715339,0,0,0,0,0,0,0,0,0,0.0024000669744630326,0.008320323040137153,0.058707462282004394,0.19736468150820746,1093805.4990308594,1255267.15915627,0.03087409047585161,0.03560444603229619,generated_code/baseline/java/2.java,results/raw_responses/memory/java/2.txt,results/raw_responses/memory/java/2.json,generated_code/optimized/memory/java/2.java,prompts/memory/java/2.txt,1,gpt-5.4,0
2,Java/2,java,balanced,1,1,0.04088180413818918,0.04205093960626982,35427942.4,35161702.4,0.972197161846383,1.007571874563161,0,0,0,0,0,0,0,0,0,0.0024000669744630326,0.008446371979842401,0.058707462282004394,0.2008604815713331,1093805.4990308594,1330149.4838570985,0.03087409047585161,0.03782949610133492,generated_code/baseline/java/2.java,results/raw_responses/balanced/java/2.txt,results/raw_responses/balanced/java/2.json,generated_code/optimized/balanced/java/2.java,prompts/balanced/java/2.txt,1,gpt-5.4,0
3,Java/3,java,runtime,1,1,0.04475492084748112,0.04173411679803394,34483404.8,34846310.4,1.0723821247749392,0.9895855372969414,0,0,0,0,0,0,0,0,0,0.011993920370756753,0.00570029866029683,0.2679910978198455,0.1365860618994905,1568331.2088913121,1757513.066280407,0.04548075278492547,0.050436130715302556,generated_code/baseline/java/3.java,results/raw_responses/runtime/java/3.txt,results/raw_responses/runtime/java/3.json,generated_code/optimized/runtime/java/3.java,prompts/runtime/java/3.txt,1,gpt-5.4,0
3,Java/3,java,memory,1,1,0.04475492084748112,0.042758806247729805,34483404.8,34370355.2,1.0466831227276672,1.0032891600724567,0,0,0,0,0,0,0,0,0,0.011993920370756753,0.006353374505058637,0.2679910978198455,0.14858633957761522,1568331.2088913121,3208185.4648479475,0.04548075278492547,0.09334164416339658,generated_code/baseline/java/3.java,results/raw_responses/memory/java/3.txt,results/raw_responses/memory/java/3.json,generated_code/optimized/memory/java/3.java,prompts/memory/java/3.txt,1,gpt-5.4,0
3,Java/3,java,balanced,1,1,0.04475492084748112,0.042768625059397894,34483404.8,35019980.8,1.046442825443292,0.9846780041638401,0,0,0,0,0,0,0,0,0,0.011993920370756753,0.011106426793262946,0.2679910978198455,0.2596863186000982,1568331.2088913121,1330049.372458252,0.04548075278492547,0.03797972877410179,generated_code/baseline/java/3.java,results/raw_responses/balanced/java/3.txt,results/raw_responses/balanced/java/3.json,generated_code/optimized/balanced/java/3.java,prompts/balanced/java/3.txt,1,gpt-5.4,0
4,Java/4,java,runtime,1,1,0.04167227478465065,0.04304433135548606,34997862.4,34376908.8,0.9681245700042559,1.0180631017062245,0,0,0,0,0,0,0,0,0,0.005754933279139832,0.008756913815406482,0.13809981117852424,0.2034394202360028,1572566.6525952306,1928106.2502217477,0.04493322005275473,0.056087249189250774,generated_code/baseline/java/4.java,results/raw_responses/runtime/java/4.txt,results/raw_responses/runtime/java/4.json,generated_code/optimized/runtime/java/4.java,prompts/runtime/java/4.txt,1,gpt-5.4,0
4,Java/4,java,memory,1,1,0.04167227478465065,0.04373173958738334,34997862.4,34031206.4,0.9529068630206778,1.028404987723268,0,0,0,0,0,0,0,0,0,0.005754933279139832,0.01384771767425685,0.13809981117852424,0.3166514253700517,1572566.6525952306,1401704.3818512105,0.04493322005275473,0.041188794936497186,generated_code/baseline/java/4.java,results/raw_responses/memory/java/4.txt,results/raw_responses/memory/java/4.json,generated_code/optimized/memory/java/4.java,prompts/memory/java/4.txt,1,gpt-5.4,0
4,Java/4,java,balanced,1,1,0.04167227478465065,0.04044472715468146,34997862.4,34163097.6,1.0303512402314996,1.0244346929477495,0,0,0,0,0,0,0,0,0,0.005754933279139832,0.0010022838515188163,0.13809981117852424,0.024781570356144738,1572566.6525952306,1314049.430314929,0.04493322005275473,0.03846400129462877,generated_code/baseline/java/4.java,results/raw_responses/balanced/java/4.txt,results/raw_responses/balanced/java/4.json,generated_code/optimized/balanced/java/4.java,prompts/balanced/java/4.txt,1,gpt-5.4,0
5,Java/5,java,runtime,1,1,0.04297056675422937,0.04021221669972874,35395993.6,35287859.2,1.068594827166522,1.003064351378958,0,0,0,0,0,0,0,0,0,0.00687734706793703,0.0007321457993564189,0.1600478557164976,0.01820704898771118,824381.6519344347,1017192.3253236979,0.02329025316397488,0.028825560642786113,generated_code/baseline/java/5.java,results/raw_responses/runtime/java/5.txt,results/raw_responses/runtime/java/5.json,generated_code/optimized/runtime/java/5.java,prompts/runtime/java/5.txt,1,gpt-5.4,0
5,Java/5,java,memory,1,1,0.04297056675422937,0.042514514597132805,35395993.6,34607104.0,1.0107269755145534,1.0227955971120843,0,0,0,0,0,0,0,0,0,0.00687734706793703,0.00844408735266494,0.1600478557164976,0.1986165767780967,824381.6519344347,3575249.9946843027,0.02329025316397488,0.10330971336648981,generated_code/baseline/java/5.java,results/raw_responses/memory/java/5.txt,results/raw_responses/memory/java/5.json,generated_code/optimized/memory/java/5.java,prompts/memory/java/5.txt,1,gpt-5.4,0
5,Java/5,java,balanced,1,1,0.04297056675422937,0.04146393734263256,35395993.6,34882355.2,1.0363358983288766,1.0147248772926891,0,0,0,0,0,0,0,0,0,0.00687734706793703,0.003776759906570255,0.1600478557164976,0.09108541418441346,824381.6519344347,1688748.5621953316,0.02329025316397488,0.04841268751816768,generated_code/baseline/java/5.java,results/raw_responses/balanced/java/5.txt,results/raw_responses/balanced/java/5.json,generated_code/optimized/balanced/java/5.java,prompts/balanced/java/5.txt,1,gpt-5.4,0
6,Java/6,java,runtime,1,1,0.04321330015663989,0.04307366462890059,34731622.4,33844428.8,1.0032417842536112,1.0262138742314955,0,0,0,0,0,0,0,0,0,0.011120652930634165,0.011022517681703335,0.25734329223465785,0.2558992316225561,1601766.9450392786,1676992.0097827287,0.046118402607051225,0.04955001662733717,generated_code/baseline/java/6.java,results/raw_responses/runtime/java/6.txt,results/raw_responses/runtime/java/6.json,generated_code/optimized/runtime/java/6.java,prompts/runtime/java/6.txt,1,gpt-5.4,0
6,Java/6,java,memory,1,1,0.04321330015663989,0.04379610419273376,34731622.4,34664448.0,0.98669278816378,1.0019378470991374,0,0,0,0,0,0,0,0,0,0.011120652930634165,0.011522155258396746,0.25734329223465785,0.26308630575201697,1601766.9450392786,1984297.3549663154,0.046118402607051225,0.05724301033053564,generated_code/baseline/java/6.java,results/raw_responses/memory/java/6.txt,results/raw_responses/memory/java/6.json,generated_code/optimized/memory/java/6.java,prompts/memory/java/6.txt,1,gpt-5.4,0
6,Java/6,java,balanced,1,1,0.04321330015663989,0.0415512521925848,34731622.4,33990246.4,1.039999948890871,1.021811433529355,0,0,0,0,0,0,0,0,0,0.011120652930634165,0.006551395264064068,0.25734329223465785,0.15767022456264806,1601766.9450392786,2774395.582772663,0.046118402607051225,0.08162328540144573,generated_code/baseline/java/6.java,results/raw_responses/balanced/java/6.txt,results/raw_responses/balanced/java/6.json,generated_code/optimized/balanced/java/6.java,prompts/balanced/java/6.txt,1,gpt-5.4,0
7,Java/7,java,runtime,1,1,0.04169073129305616,0.043250058242119846,34809446.4,34788147.2,0.9639462462608869,1.0006122545094898,0,0,0,0,0,0,0,0,0,0.008408742801796916,0.011487377058580588,0.20169333904674017,0.2656037361677677,2151641.745778482,2242117.86207185,0.06181200703549488,0.06445062593249719,generated_code/baseline/java/7.java,results/raw_responses/runtime/java/7.txt,results/raw_responses/runtime/java/7.json,generated_code/optimized/runtime/java/7.java,prompts/runtime/java/7.txt,1,gpt-5.4,0
7,Java/7,java,memory,1,1,0.04169073129305616,0.044079974986379965,34809446.4,34146713.6,0.9457975261088046,1.0194083919103711,0,0,0,0,0,0,0,0,0,0.008408742801796916,0.01048098493218215,0.20169333904674017,0.2377720254020247,2151641.745778482,1837779.753269758,0.06181200703549488,0.05382010622743379,generated_code/baseline/java/7.java,results/raw_responses/memory/java/7.txt,results/raw_responses/memory/java/7.json,generated_code/optimized/memory/java/7.java,prompts/memory/java/7.txt,1,gpt-5.4,0
7,Java/7,java,balanced,1,1,0.04169073129305616,0.04197589996038005,34809446.4,34915942.4,0.9932063715705189,0.9969499319600207,0,0,0,0,0,0,0,0,0,0.008408742801796916,0.004500355647240098,0.20169333904674017,0.10721284478683876,2151641.745778482,1432737.671235567,0.06181200703549488,0.041033910951679395,generated_code/baseline/java/7.java,results/raw_responses/balanced/java/7.txt,results/raw_responses/balanced/java/7.json,generated_code/optimized/balanced/java/7.java,prompts/balanced/java/7.txt,1,gpt-5.4,0
8,Java/8,java,runtime,1,1,0.04247680832049809,0.04133580831694417,35003596.8,35014246.4,1.0276031859545423,0.9996958495156988,0,0,0,0,0,0,0,0,0,0.00630327468814598,0.0056242934475005035,0.14839332184721138,0.13606346837047387,1267901.6012623128,1271278.1590455952,0.03622203765249384,0.03630745452929683,generated_code/baseline/java/8.java,results/raw_responses/runtime/java/8.txt,results/raw_responses/runtime/java/8.json,generated_code/optimized/runtime/java/8.java,prompts/runtime/java/8.txt,1,gpt-5.4,0
8,Java/8,java,memory,1,1,0.04247680832049809,0.043196468887617814,35003596.8,35070771.2,0.9833398287949872,0.9980846044240964,0,0,0,0,0,0,0,0,0,0.00630327468814598,0.0090042513032341,0.14839332184721138,0.20844878146544873,1267901.6012623128,1427972.5691610393,0.03622203765249384,0.04071688532361214,generated_code/baseline/java/8.java,results/raw_responses/memory/java/8.txt,results/raw_responses/memory/java/8.json,generated_code/optimized/memory/java/8.java,prompts/memory/java/8.txt,1,gpt-5.4,0
8,Java/8,java,balanced,1,1,0.04247680832049809,0.0414484312525019,35003596.8,34433433.6,1.0248110009696474,1.016558418385554,0,0,0,0,0,0,0,0,0,0.00630327468814598,0.006040139681120704,0.14839332184721138,0.14572661735553888,1267901.6012623128,1570538.2945902874,0.03622203765249384,0.045610853475567634,generated_code/baseline/java/8.java,results/raw_responses/balanced/java/8.txt,results/raw_responses/balanced/java/8.json,generated_code/optimized/balanced/java/8.java,prompts/balanced/java/8.txt,1,gpt-5.4,0
9,Java/9,java,runtime,1,1,0.04290208535385318,0.04204804794862867,34166374.4,34345779.2,1.0203109881882726,0.9947765109955635,0,0,0,0,0,0,0,0,0,0.00925121041048381,0.006021410449511823,0.21563544835129855,0.14320309130327183,1501555.129308783,1442674.6236214982,0.04394833094461387,0.04200442258772508,generated_code/baseline/java/9.java,results/raw_responses/runtime/java/9.txt,results/raw_responses/runtime/java/9.json,generated_code/optimized/runtime/java/9.java,prompts/runtime/java/9.txt,1,gpt-5.4,0
9,Java/9,java,memory,1,1,0.04290208535385318,0.0419352104247082,34166374.4,34190131.2,1.023056398652892,0.9993051562200497,0,0,0,0,0,0,0,0,0,0.00925121041048381,0.0061875911944550945,0.21563544835129855,0.14755121368866125,1501555.129308783,1524834.4515385614,0.04394833094461387,0.04459867213199115,generated_code/baseline/java/9.java,results/raw_responses/memory/java/9.txt,results/raw_responses/memory/java/9.json,generated_code/optimized/memory/java/9.java,prompts/memory/java/9.txt,1,gpt-5.4,0
9,Java/9,java,balanced,1,1,0.04290208535385318,0.047046993696130815,34166374.4,34326937.6,0.911898550435572,0.9953225306064004,0,0,0,0,0,0,0,0,0,0.00925121041048381,0.014501057257923897,0.21563544835129855,0.3082249495384118,1501555.129308783,1618430.1594621479,0.04394833094461387,0.04714752531440928,generated_code/baseline/java/9.java,results/raw_responses/balanced/java/9.txt,results/raw_responses/balanced/java/9.json,generated_code/optimized/balanced/java/9.java,prompts/balanced/java/9.txt,1,gpt-5.4,0
0,Python/0,python,runtime,1,1,0.06353576051187701,0.06445908549940213,7556300.8,7358873.6,0.9856757975951477,1.0268284537459647,0,0,0,0,0,0,0,0,0,0.006863315485113196,0.011205730793454534,0.10802287451694557,0.17384253447961914,660761.7049507572,1376258.8230547488,0.08744512989090604,0.18702031015381876,generated_code/baseline/python/0.py,results/raw_responses/runtime/python/0.txt,results/raw_responses/runtime/python/0.json,generated_code/optimized/runtime/python/0.py,prompts/runtime/python/0.txt,1,gpt-5.4,0
0,Python/0,python,memory,1,1,0.06353576051187701,0.06473106030607596,7556300.8,6659276.8,0.9815343702305034,1.13470291548776,0,0,0,0,0,0,0,0,0,0.006863315485113196,0.011953091918100229,0.10802287451694557,0.1846577494881272,660761.7049507572,2302830.1057529785,0.08744512989090604,0.34580783693403144,generated_code/baseline/python/0.py,results/raw_responses/memory/python/0.txt,results/raw_responses/memory/python/0.json,generated_code/optimized/memory/python/0.py,prompts/memory/python/0.txt,1,gpt-5.4,0
0,Python/0,python,balanced,1,1,0.06353576051187701,0.06357311033643782,7556300.8,7318732.8,0.999412490212243,1.0324602641593912,0,0,0,0,0,0,0,0,0,0.006863315485113196,0.0030251326414556827,0.10802287451694557,0.0475850973068056,660761.7049507572,1710606.7189587133,0.08744512989090604,0.2337299045756546,generated_code/baseline/python/0.py,results/raw_responses/balanced/python/0.txt,results/raw_responses/balanced/python/0.json,generated_code/optimized/balanced/python/0.py,prompts/balanced/python/0.txt,1,gpt-5.4,0
1,Python/1,python,runtime,1,1,0.06733610230730847,0.06259078540024347,7335116.8,7874969.6,1.075814944272077,0.9314469988557162,0,0,0,0,0,0,0,0,0,0.011946854358656714,0.005523666740951943,0.17742123391897063,0.08825047817550563,513921.256591503,1070144.8212852413,0.07006313199968445,0.13589193046348286,generated_code/baseline/python/1.py,results/raw_responses/runtime/python/1.txt,results/raw_responses/runtime/python/1.json,generated_code/optimized/runtime/python/1.py,prompts/runtime/python/1.txt,1,gpt-5.4,0
1,Python/1,python,memory,1,1,0.06733610230730847,0.06151564588653855,7335116.8,6839500.8,1.0946174966854019,1.0724637681159421,0,0,0,0,0,0,0,0,0,0.011946854358656714,0.005599144827661117,0.17742123391897063,0.09101984945404558,513921.256591503,2021978.8431405404,0.07006313199968445,0.29563251796688733,generated_code/baseline/python/1.py,results/raw_responses/memory/python/1.txt,results/raw_responses/memory/python/1.json,generated_code/optimized/memory/python/1.py,prompts/memory/python/1.txt,1,gpt-5.4,0
1,Python/1,python,balanced,1,1,0.06733610230730847,0.06324052484706044,7335116.8,7427686.4,1.0647619144552118,0.9875372228962169,0,0,0,0,0,0,0,0,0,0.011946854358656714,0.006395834490507366,0.17742123391897063,0.10113506341028823,513921.256591503,691839.8056847675,0.07006313199968445,0.09314337849330412,generated_code/baseline/python/1.py,results/raw_responses/balanced/python/1.txt,results/raw_responses/balanced/python/1.json,generated_code/optimized/balanced/python/1.py,prompts/balanced/python/1.txt,1,gpt-5.4,0
2,Python/2,python,runtime,1,1,0.06025692715193145,0.06094937910675071,7199129.6,6847692.8,0.9886389005931224,1.0513219284603421,0,0,0,0,0,0,0,0,0,0.013366551213558557,0.008346145636253811,0.2218259683215544,0.13693569579496173,1154044.4086060028,1952049.4625491651,0.1603033245305103,0.285066739931611,generated_code/baseline/python/2.py,results/raw_responses/runtime/python/2.txt,results/raw_responses/runtime/python/2.json,generated_code/optimized/runtime/python/2.py,prompts/runtime/python/2.txt,1,gpt-5.4,0
2,Python/2,python,memory,1,1,0.06025692715193145,0.05594361884868704,7199129.6,7215513.6,1.077100988316662,0.9977293369663942,0,0,0,0,0,0,0,0,0,0.013366551213558557,0.019648599730798508,0.2218259683215544,0.35122146430932305,1154044.4086060028,1565971.931542446,0.1603033245305103,0.21702847757676544,generated_code/baseline/python/2.py,results/raw_responses/memory/python/2.txt,results/raw_responses/memory/python/2.json,generated_code/optimized/memory/python/2.py,prompts/memory/python/2.txt,1,gpt-5.4,0
2,Python/2,python,balanced,1,1,0.06025692715193145,0.05098935613059439,7199129.6,7462092.8,1.1817550117244249,0.9647601273465802,0,0,0,0,0,0,0,0,0,0.013366551213558557,0.015415310545669258,0.2218259683215544,0.30232408713276215,1154044.4086060028,1401881.5141425056,0.1603033245305103,0.18786707050098675,generated_code/baseline/python/2.py,results/raw_responses/balanced/python/2.txt,results/raw_responses/balanced/python/2.json,generated_code/optimized/balanced/python/2.py,prompts/balanced/python/2.txt,1,gpt-5.4,0
3,Python/3,python,runtime,1,1,0.0658390125085134,0.0668282770551741,7329382.4,8112537.6,0.9851969167805424,0.9034635968898315,0,0,0,0,0,0,0,0,0,0.010876414803952215,0.010923267446626469,0.1651971132244097,0.16345277669822472,1410900.5433072431,1480290.6896991336,0.1924992402234659,0.1824695012444853,generated_code/baseline/python/3.py,results/raw_responses/runtime/python/3.txt,results/raw_responses/runtime/python/3.json,generated_code/optimized/runtime/python/3.py,prompts/runtime/python/3.txt,1,gpt-5.4,0
3,Python/3,python,memory,1,1,0.0658390125085134,0.06459429798414931,7329382.4,7953612.8,1.0192697275643359,0.9215161190647854,0,0,0,0,0,0,0,0,0,0.010876414803952215,0.006316320628753645,0.1651971132244097,0.0977844922210254,1410900.5433072431,364713.7591726594,0.1924992402234659,0.04585510614404808,generated_code/baseline/python/3.py,results/raw_responses/memory/python/3.txt,results/raw_responses/memory/python/3.json,generated_code/optimized/memory/python/3.py,prompts/memory/python/3.txt,1,gpt-5.4,0
3,Python/3,python,balanced,1,1,0.0658390125085134,0.06536500010988675,7329382.4,7474380.8,1.0072517769116467,0.9806006137658922,0,0,0,0,0,0,0,0,0,0.010876414803952215,0.010015440063658086,0.1651971132244097,0.15322328534874746,1410900.5433072431,1864903.9443773702,0.1924992402234659,0.24950614562979856,generated_code/baseline/python/3.py,results/raw_responses/balanced/python/3.txt,results/raw_responses/balanced/python/3.json,generated_code/optimized/balanced/python/3.py,prompts/balanced/python/3.txt,1,gpt-5.4,0
4,Python/4,python,runtime,1,1,0.06346541453967802,0.06592650215607136,7976550.4,7444889.6,0.9626692219986573,1.0714128521126762,0,0,0,0,0,0,0,0,0,0.004027624136243225,0.00651398466502561,0.06346171636088802,0.09880676893193427,746606.3614616403,1672168.6630530646,0.09360015595985456,0.22460624037367385,generated_code/baseline/python/4.py,results/raw_responses/runtime/python/4.txt,results/raw_responses/runtime/python/4.json,generated_code/optimized/runtime/python/4.py,prompts/runtime/python/4.txt,1,gpt-5.4,0
4,Python/4,python,memory,1,1,0.06346541453967802,0.06310508948517964,7976550.4,7154073.6,1.0057099206646876,1.1149662200847361,0,0,0,0,0,0,0,0,0,0.004027624136243225,0.005273651801995207,0.06346171636088802,0.08356935779694498,746606.3614616403,1969076.2404234766,0.09360015595985456,0.2752384655958078,generated_code/baseline/python/4.py,results/raw_responses/memory/python/4.txt,results/raw_responses/memory/python/4.json,generated_code/optimized/memory/python/4.py,prompts/memory/python/4.txt,1,gpt-5.4,0
4,Python/4,python,balanced,1,1,0.06346541453967802,0.06717206030152738,7976550.4,8128102.4,0.9448186382074532,0.9813545656117718,0,0,0,0,0,0,0,0,0,0.004027624136243225,0.009336492869524439,0.06346171636088802,0.13899369511094395,746606.3614616403,1284533.976915339,0.09360015595985456,0.1580361459170764,generated_code/baseline/python/4.py,results/raw_responses/balanced/python/4.txt,results/raw_responses/balanced/python/4.json,generated_code/optimized/balanced/python/4.py,prompts/balanced/python/4.txt,1,gpt-5.4,0
5,Python/5,python,runtime,1,1,0.062006747897248714,0.06322753959684632,7757824.0,7553843.2,0.9806920891215811,1.0270035787875502,0,0,0,0,0,0,0,0,0,0.006155294417882835,0.008479120501265437,0.09926813817236091,0.13410486245914843,368529.79873289115,1627667.605597059,0.04750427423113635,0.21547542919570517,generated_code/baseline/python/5.py,results/raw_responses/runtime/python/5.txt,results/raw_responses/runtime/python/5.json,generated_code/optimized/runtime/python/5.py,prompts/runtime/python/5.txt,1,gpt-5.4,0
5,Python/5,python,memory,1,1,0.062006747897248714,0.0690653792116791,7757824.0,7678361.6,0.897797834530144,1.0103488744265443,0,0,0,0,0,0,0,0,0,0.006155294417882835,0.012754153762229267,0.09926813817236091,0.18466783079752513,368529.79873289115,439026.68245568185,0.04750427423113635,0.057177130399235415,generated_code/baseline/python/5.py,results/raw_responses/memory/python/5.txt,results/raw_responses/memory/python/5.json,generated_code/optimized/memory/python/5.py,prompts/memory/python/5.txt,1,gpt-5.4,0
5,Python/5,python,balanced,1,1,0.062006747897248714,0.06592224789201281,7757824.0,7716864.0,0.9406042706374625,1.005307855626327,0,0,0,0,0,0,0,0,0,0.006155294417882835,0.006478106263406407,0.09926813817236091,0.09826889207446608,368529.79873289115,247221.5906360761,0.04750427423113635,0.032036535908378856,generated_code/baseline/python/5.py,results/raw_responses/balanced/python/5.txt,results/raw_responses/balanced/python/5.json,generated_code/optimized/balanced/python/5.py,prompts/balanced/python/5.txt,1,gpt-5.4,0
6,Python/6,python,runtime,1,1,0.06349900420173071,0.06434038114384748,7551385.6,7824998.4,0.9869230345366516,0.9650335008375208,0,0,0,0,0,0,0,0,0,0.005746009997160622,0.00594906508659916,0.09048976546003867,0.09246238491032062,1360229.3465803324,1906351.2989385992,0.18012976937376002,0.24362321900776351,generated_code/baseline/python/6.py,results/raw_responses/runtime/python/6.txt,results/raw_responses/runtime/python/6.json,generated_code/optimized/runtime/python/6.py,prompts/runtime/python/6.txt,1,gpt-5.4,0
6,Python/6,python,memory,1,1,0.06349900420173071,0.06374637692933902,7551385.6,7362150.4,0.9961194229456757,1.025703794369645,0,0,0,0,0,0,0,0,0,0.005746009997160622,0.0038185029663686193,0.09048976546003867,0.05990149009725396,1360229.3465803324,1602877.9267486145,0.18012976937376002,0.21771871527490316,generated_code/baseline/python/6.py,results/raw_responses/memory/python/6.txt,results/raw_responses/memory/python/6.json,generated_code/optimized/memory/python/6.py,prompts/memory/python/6.txt,1,gpt-5.4,0
6,Python/6,python,balanced,1,1,0.06349900420173071,0.06617557498975657,7551385.6,7382630.4,0.9595534940430791,1.0228584110075454,0,0,0,0,0,0,0,0,0,0.005746009997160622,0.011084637058856794,0.09048976546003867,0.16750344912866422,1360229.3465803324,1571519.6500435795,0.18012976937376002,0.21286717130571503,generated_code/baseline/python/6.py,results/raw_responses/balanced/python/6.txt,results/raw_responses/balanced/python/6.json,generated_code/optimized/balanced/python/6.py,prompts/balanced/python/6.txt,1,gpt-5.4,0
7,Python/7,python,runtime,1,1,0.06789729364099913,0.06347489996114745,7745536.0,7834828.8,1.06967153445785,0.9886030949393559,0,0,0,0,0,0,0,0,0,0.011884579551135274,0.004407650203614843,0.17503760332442594,0.06943926191790353,1286270.320313572,361332.7476518591,0.1660660179377608,0.046118780240847014,generated_code/baseline/python/7.py,results/raw_responses/runtime/python/7.txt,results/raw_responses/runtime/python/7.json,generated_code/optimized/runtime/python/7.py,prompts/runtime/python/7.txt,1,gpt-5.4,0
7,Python/7,python,memory,1,1,0.06789729364099913,0.05311675004195422,7745536.0,7694745.6,1.2782652098889804,1.0066006600660067,0,0,0,0,0,0,0,0,0,0.011884579551135274,0.015302858669068008,0.17503760332442594,0.28809855002388246,1286270.320313572,1541354.78769659,0.1660660179377608,0.20031263771691035,generated_code/baseline/python/7.py,results/raw_responses/memory/python/7.txt,results/raw_responses/memory/python/7.json,generated_code/optimized/memory/python/7.py,prompts/memory/python/7.txt,1,gpt-5.4,0
7,Python/7,python,balanced,1,1,0.06789729364099913,0.051516589696984735,7745536.0,7623475.2,1.3179694937177324,1.0160111755856436,0,0,0,0,0,0,0,0,0,0.011884579551135274,0.016453162545998646,0.17503760332442594,0.319376003783916,1286270.320313572,1151197.0047417968,0.1660660179377608,0.1510068537694983,generated_code/baseline/python/7.py,results/raw_responses/balanced/python/7.txt,results/raw_responses/balanced/python/7.json,generated_code/optimized/balanced/python/7.py,prompts/balanced/python/7.txt,1,gpt-5.4,0
8,Python/8,python,runtime,1,1,0.06381915004458279,0.06545997918001376,7836467.2,7458816.0,0.9749338579696348,1.0506315211422295,0,0,0,0,0,0,0,0,0,0.018255918300242455,0.005887012889194322,0.28605705791269914,0.08993300888478964,1588595.350742867,1766754.2169328774,0.202718305353574,0.2368679180359024,generated_code/baseline/python/8.py,results/raw_responses/runtime/python/8.txt,results/raw_responses/runtime/python/8.json,generated_code/optimized/runtime/python/8.py,prompts/runtime/python/8.txt,1,gpt-5.4,0
8,Python/8,python,memory,1,1,0.06381915004458279,0.06203027905430645,7836467.2,7728332.8,1.0288386739113362,1.0139919440322238,0,0,0,0,0,0,0,0,0,0.018255918300242455,0.0021757818630536345,0.28605705791269914,0.035076125663545295,1588595.350742867,724417.0165964382,0.202718305353574,0.0937352253511182,generated_code/baseline/python/8.py,results/raw_responses/memory/python/8.txt,results/raw_responses/memory/python/8.json,generated_code/optimized/memory/python/8.py,prompts/memory/python/8.txt,1,gpt-5.4,0
8,Python/8,python,balanced,1,1,0.06381915004458279,0.06297158749657683,7836467.2,7160627.2,1.013459443880973,1.0943827937306945,0,0,0,0,0,0,0,0,0,0.018255918300242455,0.005295475311633448,0.28605705791269914,0.08409308899702288,1588595.350742867,1538631.8899536966,0.202718305353574,0.21487389958713346,generated_code/baseline/python/8.py,results/raw_responses/balanced/python/8.txt,results/raw_responses/balanced/python/8.json,generated_code/optimized/balanced/python/8.py,prompts/balanced/python/8.txt,1,gpt-5.4,0
9,Python/9,python,runtime,1,1,0.0649585374398157,0.06736506239976733,6744473.6,6749388.8,0.9642763641237279,0.9992717562811021,0,0,0,0,0,0,0,0,0,0.00688400682149404,0.00700191388604043,0.10597539742750667,0.10393984116705299,1844869.45382857,1644669.758526476,0.27353794576771273,0.24367684352788746,generated_code/baseline/python/9.py,results/raw_responses/runtime/python/9.txt,results/raw_responses/runtime/python/9.json,generated_code/optimized/runtime/python/9.py,prompts/runtime/python/9.txt,1,gpt-5.4,0
9,Python/9,python,memory,1,1,0.0649585374398157,0.06466438958304935,6744473.6,6973030.4,1.0045488383739951,0.9672227443609022,0,0,0,0,0,0,0,0,0,0.00688400682149404,0.007733873909775737,0.10597539742750667,0.11960019973347183,1844869.45382857,1529522.9418898595,0.27353794576771273,0.21934838286232905,generated_code/baseline/python/9.py,results/raw_responses/memory/python/9.txt,results/raw_responses/memory/python/9.json,generated_code/optimized/memory/python/9.py,prompts/memory/python/9.txt,1,gpt-5.4,0
9,Python/9,python,balanced,1,1,0.0649585374398157,0.063025818701135,6744473.6,7217152.0,1.0306655078587006,0.9345062429057889,0,0,0,0,0,0,0,0,0,0.00688400682149404,0.005135601800196273,0.10597539742750667,0.08148409502697644,1844869.45382857,1470266.1224432162,0.27353794576771273,0.2037183257943322,generated_code/baseline/python/9.py,results/raw_responses/balanced/python/9.txt,results/raw_responses/balanced/python/9.json,generated_code/optimized/balanced/python/9.py,prompts/balanced/python/9.txt,1,gpt-5.4,0
